51st Stater,Canadians
539,Jews
7-11,Arabs
8 Mile,Whites
925,Blacks
A.I.,Americans
AA,Blacks
Abba-Dabba,Arabs
ABC,Chinese
ABC,Australians
ABCD,Indians
Abco,Australian Aboriginals
Abdul,Arabs
Abe Lincoln,Whites
Abeed,Blacks
Abi-Dabi,Arabs
Abo,Australian Aboriginals
Ace Of Spades,Blacks
Adolf,Germans
African,Blacks
African't,Blacks
Africoon,Blacks
Afro,Blacks
Afro-Saxon,Whites
Agent Orange,Vietnamese
Ahab,Arabs
Aibu,Whites
Ainu,Japanese Aboriginals
Akata,Black Americans
Aladdin,Arabs
Albino,Whites
Albo,Albanians
Alcoholic,Native Americans
Alphabet,Arabs
Ame-koh,Americans
American't,Americans
Americoon,Blacks
Americunt,Americans
AmeriKKKan,Americans
Amerikos,Americans
AMF,Jews
Ami,Americans
Amigo,Hispanics
Anchor Baby,Mexicans
Ancient Chinese Secret,Chinese
Angie,Canadians
Anglo,Whites
Angus,Blacks
Ant,Antarcticans
Antique Farm Equipment,Blacks
Ape,Blacks
Apna,Indians
Apple,Native Americans
Apple,Blacks
Apu,Indians
Ararat,Armenians
Aravi,Arabs
Arf,Blacks
Argie,Argentinans
Arm Pits,Armenians
Armo,Armenians
Aryan,Whites
Ashy,Blacks
Atta,Arabs
Aunt Jemima,Blacks
Ayatollah,Persians
Azn,Asians
Babar,Indians
Baboomba,Blacks
Baboon,Blacks
Babu,Indians
Baby-Muncher,Chinese
Bacardi,Puerto Ricans
Bacon Bits,Whites
Bagel-Dog,Jews
Bahadur,Nepalese
Bai Tou,Whites
Baijo,Whites
Bak Guiy,Whites
Balsero,Cubans
Balt,Lithuanians
Baluba,Blacks
Baluga,Blacks
Bamboo Coon,Chinese
Ban,Hispanics
Banana,Asians
Banana Bender,Australians
Bananame,Asians
Bandwidth Nigger/Whore,Asians
Banjo Lips,Blacks
Bantu,Blacks
BAP,Blacks
Bar Code,Jews
Bara,Arabs
Bargain Korean,Hawaiians
Bat-gwai/Bai-guei,Whites
Batman,Arabs
Bay Frog,Canadians
Bazi,Germans
BBC,Chinese
BBK,Blacks
BDN,Blacks
Beach-Nigger,Whites
Bean Bandit,Hispanics
Bean Burrito,Hispanics
Bean Dipper,Whites
Beanbag,Hispanics
Beaner,Hispanics
Beaner Ball,Hispanics
Beaner Shnitzel,Mixed Races
Beaniard,Hispanics
Beanie,Jews
Bear,Blacks
Beastie Boy,Jews
Beaver-Beater,French Canadians
Bebe's Kids,Blacks
Bed Time,Asians
Bee-Keeper,Afghans
Beecher,Whites
Beggar,Blacks
Belegana,Whites
Belgie,Belgians
Bennie,Falkland Islanders
Bergie,Blacks
Berry Picker,Hispanics
BET,Blacks
Betty,Vietnamese
Betty Crocker,Whites
Beur,Arabs
BFI,Native Americans
BFI,Blacks
Bhindu,Indians
Bhrempti,Indians
Bible-Shortener,Jews
Bic-Needer,French
Big Mac,Scottish
Big Nose,Jews
Big Nose,Whites
Big Red,Native Americans
Billy Reuben,Blacks
Bin Laden,Arabs
Binder,Indians
Bindi,Indians
Bingo,Bengalis
Bingo-Bongo,Blacks
Bink,Mixed Races
Bipty,Indians
Bird Shit,Whites
Bird Turd,Whites
Biscuit Head,Koreans
Biscuit Lip,Blacks
Bix Nood,Blacks
Bjork,Icelanders
Black Barbie,Blacks
Black Bean,Mixed Races
Black Dagos,Italians
Black Magic,Blacks
Black Time,Blacks
Blackanese,Mixed Races
Blackfoot,French
Blackhead,Turkish
Blackie,Blacks
Blackout,Native Americans
Blackrobe,Whites
Blacky Chan,Blacks
Blanco,Whites
Blanket-Ass,Native Americans
Blaxican,Mixed Races
Bleach Boy,Whites
Bleck,Blacks
Block Hoppers,Puerto Ricans
Blockbuster,Blacks
Blockhead,Germans
Blockhead,Macedonians
Bloke,British
Blood,Blacks
Blood Sucker,Romanians
Blow,Blacks
Blowfish,Whites
BLT,Blacks
Bludger,Australian Aboriginals
Blue collar,Mexicans
Blue Gums,Blacks
Blue-Eyed Devil,Whites
Blue/Blew,Mixed Races
Blushing,Black Russians
BMO,Arabs
BMW,Blacks
BMW,Mexicans
Bo-Bo,Blacks
Boat Rower,Cubans
Bobblehead,Blacks
Boche,Germans
Bodinki,Puerto Ricans
Boffer/Boofer,Blacks
Bog-Jumper,Irish
Bog-trotter,Irish
Bogan,Australians
Bohunk,Hungarians
Bolillo,Whites
Bolita,Bolivian
Bologna,Italians
Bomb,Blacks
Bomb Watcher,Japanese
Bomb-Builder,Arabs
Bones,Jews
Bonky,Blacks
Boogalee,Cajuns
Boogat,Blacks
Boogie,Blacks
Boogie Man,Whites
Boojie,Indians
Boomer,Australian Aboriginals
Boon,Blacks
Booner,Australian
Boong,Australian Aboriginals
Boori,Australian Aboriginals
Bootlip,Blacks
Border Bandit,Mexicans
Border Bunny,Hispanics
Border Nigger,Hispanics
Border-Hopper,Hispanics
Bosants,Bosnians
Bosch,Germans
Boskur,Bosnians
Boss,Whites
Boudreaux,Cajuns
Bounty Bar,Blacks
Bourbon,Blacks
Bow Bender,Native Americans
Boxcutter,Arabs
Boxhead,Germans
Boy,Blacks
Bozak,Blacks
Bozgor,Hungarians
Bracero,Mexicans
Brady,Whites
Branch Manager,Blacks
Brass Ankle,Mixed Races
Brazuca,Brazilians
Brew,Jews
Briar,Whites
Brillo Pad,Blacks
Brit,British
Bro,Blacks
Bro-ho,Whites
Bronx Indian,Jews
Brother,Blacks
Brown Pants/Shirts,Italians
Brown Tractor,Mexicans
Brown Trumpet,Blacks
Brownie,Blacks
Bruce Lee,Asians
Bruised Banana,Asians
Bubb Rubb,Blacks
Bubba,Blacks
Bubba,Whites
Bubble,Greeks
Bubbles,Blacks
Buck,Native Americans
Buck/Buck Nigger,Blacks
Bucket,Whites
Buckethead,Koreans
Buckra,Whites
Buckwheat,Blacks
Buddhahead,Asians
Buddhahead,Hawaiians
Buddy Blaster,Americans
Buffalo Jockey,Native Americans
Buffalo Soldier,Blacks
Buffy,Whites
Bug-Eater,Asians
Bugre,Brazilians
Buk-Buk,Filipinos
Bukakke Warrior,Japanese
Bukkakese,Asians
Buleh,Whites
Bulgie,Bulgarians
Bumblebee,Mixed Races
Bumi,Malaysians
Bump,Australian Aboriginals
Bumper Lips,Blacks
Bun,Jews
Bun,Blacks
Bunker,Whites
Bunny,Mormons
Buppie,Blacks
Burger,Jews
Burglar,Bulgarians
Burnt Cracker,Blacks
Burnt Match,Blacks
Burnt Pizza,Italians
Burnt Rice,Asians
Burnt Toast,Blacks
Burr Head,Blacks
Burrito,Hispanics
Bush Bandit,Native American
Bush-Boogie,Blacks
Bushmen,Americans
Bushnigger,Native Americans
Buster,Bulgarians
Butter,Blacks
Butter Cookie,Danish
Butterfingers,French
Butterhead,Japanese
Buttonhead,Indians
B�d�s Ol�h,Romanians
B�g,Swedes
C-15,Blacks
Cabbage,Whites
Cabbie,Arabs
Caber Tosser,Scottish
Cabezita Negra,Hispanics
Caco,Puerto Ricans
Caffre,Blacks
Cairo Coon,Arabs
Calf,Mixed Races
California Roll,Asian/White
Calpurnia,Blacks
Calzone,Italians
Camel Cowboy,Arabs
Camel Crunch,Arabs
Camel Jockey,Arabs
Camel Lips,Blacks
Camel-Fucker,Arabs
Camel-Jacker,Arabs
Campers,Jews
Can,Hispanics
Can'ardly,Asians
Can-Kicker,Puerto Ricans
Canadian,Blacks
Canadian Goose,Jews
Canal,Panamanians
Canasian,Mixed Races
Cancer,Whites
Candy Man,Blacks
Caneater,Australians
Canigger,Blacks
Cankee/Cankie,Canadians
Canned Labor,Mexicans
Canuck,Canadians
Canucklehead,Canadians
Canyada,Canadians
Captain,Turks
Car Thief,Hispanics
Caramel,Mixed Races
Cargo,Blacks
Carl Winslow,Blacks
Carlton (Banks),Blacks
Carnie,Mexicans
Carpet Pilot,Arabs
Carpetbagger,Americans
Carrot Snapper,Mormons
Carrot Top,Irish
Casabooboo,Blacks
Cascos,Mixed Races
Cashew,Jews
Casino,Native Americans
Casper,Whites
Cast Iron,Blacks
Cat-lick,Irish
Caublasian,Mixed Races
Caucasianally- Challenged,Non-Whites
Caucazoid,Whites
Caulkie,Whites
Cave Nigger,Arabs
Caveman,Whites
CBC,Chinese
Celestial,Chinese
Center Denter,Arabs
Chack,Mixed Races
Chad,Blacks
Chain Dragger,Blacks
Chale,Chinese
Chalky,Blacks
Chalupa,Mexicans
Cham,Hispanics
Champi�on,Ecuadorians
Chang-Ke,Chinese
Chango,Blacks
Chankoro,Chinese
Chap,Asians
Chapin,Guatemalans
Chapta,Chinese
Chara,Indians
Charcoal Briquette,Blacks
Charlie,Vietnamese
Cheap Labor,Hispanics
Checker Back,Czechs
Checkpoint,Arabs
Cheddar,Hispanics
Cheech,Mexicans
Cheese Nip,Mixed Races
Cheese-Eater,Dutch
Cheesehead,Whites
Cheesehead,Dutch
Cheeser/Cheesehead,Canadians
Chefur,Balkan
Chernozhopyi,Blacks
Cherry Nigger,Native Americans
Cherry Picker,Hispanics
Cheshire Cat,Blacks
Cheskey,Czechs
Chesky,Czech
Chew,Mixed Races
Chex Mex,Mixed Races
Chex Mix,Mixed Races
Chexican,Mixed Races
Chic,Mixed Races
Chicago Navajo,Blacks
Chicken Bandit,Blacks
Chico,Hispanics
Chief,Native Americans
Chiegro,Chinese
Chigger,Chinese
Chilango,Hispanics
Chili,Hispanics
Chili Choker,Mexicans
Chili-Shitter,Hispanics
Chinaman,Asians
Chindian,Nepalese
Chinee,Chinese
Chinegro,Chileans
Ching-Chong,Asians
Chinig,Mixed Races
Chinina,Asians
Chink,Asians
Chink-a-billy,Chinese
Chinkaboo,Mixed Races
Chinkamo,Mixed Races
Chinkerbell,Asians
Chinksta,Chinese
Chinless Wonder,British
Chino,Chinese
Chinxican,Mixed Races
Chiquita,Blacks
Chirp,Whites
Chite,Whites
Choco,Blacks
Chocolate Dip(per),Whites
Chocolate Drop,Blacks
Chocolate-Covered Marshmallow,Blacks
Chocolate-Dipper,Whites
Chod,Guamanians
Chole,Creole
Cholo,Mexicans
Cholo/chola,Hispanics
Chombo,Blacks
Chonkey,Mixed Races
Chonky,Chinese
Choo-Choo,Chinese
Chop,Mixed Races
Chop Stick,Chinese
Chopper,Americans
Chork,Chinese
Chosenjin,Koreans
Christ Killer,Jews
Chromer,Australian Aboriginals
Chromey,Mixed Races
Chuck,Polish
Chuco,Mexicans
CHUD,Blacks
Chug,Native Americans
Chukcha,Eskimos
Chunga,Hispanics
Chunk,Chinese
Chunt,Mexicans
Cigani,Serbs
Cigarette-Smuggler,Montenegrians
Circle-K,Jews
CJ,Mixed Races
Clamhand,Whites
Clampett,Whites
Clay-Eater,Whites
Cleaning Lady,Polish
Clicker,Africans
Clicky,Blacks
Cliff Ape,Blacks
Cliptip,Jews
Clit-Chopper,Arabs
Clit-Swiper,Arabs
Clitless,Arabs
Clocker,Blacks
Cloggie,Dutch
Clover,Irish
Clown,Irish
Clown-Car,Mexicans
Clyde,Blacks
Coal-Burner,Whites
Coal-Cracker,Irish
Coal-Miner,Blacks
Coalhauler,Whites
Coat,Hispanics
Coca,Mozambicans
Cocachewers,Peruvians
Cochise,Native Americans
Cock-Asian,Whites
Cock/Cauc,Whites
Cocks,British
Cocksauce,Whites
Cocoa,Blacks
Cocoa Puff,Blacks
Cocoa Puff,Whites
Cocolo,Blacks
Coconut,Blacks
Coconut Nigger,Pacific Islanders
Cocoon,Blacks
Coffee Bean,Colombians
Coin Slot,Asians
Coke Camel,Hispanics
Cold Drink,Blacks
Colin,Blacks
Colonel's Kids,Blacks
Colonial,Americans
Colored,Blacks
Coltrane,Blacks
Commie,Russians
Comrade Chinx,Africans
Confederate,Whites
Congo,Blacks
Congo Lip,Blacks
Conky,Whites
Conky,Blacks
Conquistador,Blacks
Convict,Blacks
Convict,Australians
Cook,Asians
Cookie,Chinese
Cookie,Blacks
Cookies 'n Cream,Mixed Races
Coolie,Asians
Coon,Blacks
Coonadian,Blacks
Coonass,Cajuns
Cooner,Blacks
Coontang,Blacks
Cordon,Blacks
Corky,Whites
Corky,Dominicans
Corn,Mexicans
Cornbread,Blacks
Cornelius,Blacks
Cornfed,Whites
Cosby,Blacks
Cossak,Russians
Cotton Ball,Blacks
Cotton-Picker,Blacks
Cow-Kisser,Indians
Cowboy-Killer,Native Americans
Cowfuck,Whites
Crabrangook,Chinese
Cracker,Whites
Cracker Jack,Whites
Cracker Jap,Japanese
Crapaud,French
Craw,Blacks
Crayola,Blacks
Cream Of Wheat,Blacks
Cremlin,Whites
Crick Gypsy,Whites
Cricket,Blacks
Crikey,Jews
Crikey,Australians
Crime,Blacks
Crimestopper,Blacks
Criminal Factory,Blacks
Crioulo,Blacks
Crisco,Whites
Crispy,Blacks
Crizm,Whites
Cross-Dresser,Scottish
Crotchless Pants,Koreans
Crote,Croatians
Crouton,French
Crow,Blacks
Crow,Native Americans
Crudo,Whites
Crumpet-Stuffer,British
Crumpet-Sucker,British
Crunchy,Iraqis
Cube,Cubans
Cube,Eskimos
Cubs,Blacks
Cuff,Blacks
Curb-Biter,Blacks
Curry,Indians
Curry-Muncher,Indians
Custer,Whites
Cuz,Australian Aboriginals
Cygan,Gypsy
Czarnuch,Blacks
Czigger,Mixed Races
D.F.N.,Blacks
D.I.P.,Indians
Da Bi Zi,Whites
Da Gui,Whites
Dago,Italians
Dago,Spanish
Dagowop,Italians
Dahati,Iranians
Daikon,Japanese
DAK,Koreans
DampBack,Mexicans
DAN,Blacks
Dancing Dragon,Chinese
Dandruff,Whites
Darkie,Blacks
Darkness,Blacks
Data,Asians
Dawg,Blacks
Ddang Kong,Vietnamese
Dead Sea Pedestrian,Jews
Dees-Right,Arabs
Defendant,Blacks
Dema,Icelanders
Demi-nigger,Arabs
Democrats,Blacks
DeNiro,Whites
Derka Derka,Arabs
Desabrido,Whites
Desi,Indians
Desi,Cubans
Destro,Blacks
Deuce,Blacks
Devil,Whites
Dexican,Mixed Races
Dholia,Whites
Dial,Jews
Diaper-Head,Arabs
Dib,Israelis
Dicksuckinflog,Dutch
Diesel,Native Americans
Dim Sum,Chinese
Ding Dong,Blacks
Dinge,Blacks
Dingo Fucker,Australians
Dink,Vietnamese
Dirt-Worshipper,Native Americans
Dirty Knees,Arabs
Dirty Sanchez,Mexicans
Ditchpig,Whites
Ditz,Whites
Do-Da,Blacks
Doener,Turkish
Dog-Breath,Koreans
Dog-Eater,Asians
Dog-Fucker,Whites
Dog-Muncher,Asians
Dome,Dominicans
Domino,Mixed Races
Donkey,Irish
Donkey Kong,Blacks
Dootie,Blacks
Doozers,Whites
Dorito,Blacks
Dot Knot,Indians
Dot/Dot-Head,Indians
Dottie,Indians
Double A,Blacks
Double D,Arabs
Double Dip,Blacks
Doujin,Blacks
Douse,Whites
Dozer,Hispanics
DP,Polish
Drac,Romanians
Drago,Russians
Dreads,Jamaicans
Dreidl,Jews
Dried Shit,Whites
Drongo,Australians
Drunk,Irish
Dryback,Canadians
Drywaller,Hispanics
Dub,Ukrainians
Dubya,Americans
Duck,Vietnamese
Duke Nukem,Americans
Dumb Wet,Hispanics
Dumb-inican,Dominicans
Dune Coon,Arabs
Dune Nigger,Arabs
Durka-durka,Arabs
Dusty Nuts,Arabs
DWB,Whites
DWB,Blacks
DWO,Asians
Dyke,Dutch
Dyke-Jumper,Dutch
Easy-Bake Nigger,Jews
Egg,Whites
Egghead,Asians
Egglet,Blacks
Eggot,Blacks
Eggplant,Blacks
Eggplant Parmesan,Mixed Races
Eggroll,Asians
Egot,Blacks
Egoy,Blacks
Eight Ball,Blacks
El Chino,Chinese
Elephant Jockey,Indians
Elevator Operator,Blacks
Elvis,Whites
Eminem,Whites
Eraser Head,Blacks
Es-obe,Blacks
Esau,Whites
Ese,Hispanics
Eskimo,Native Americans
Etch,Indians
Etchy,Whites
Etnikum,Gypsy
Eucalyptus Nigger,Australian Aboriginals
Eurinal,Europeans
Euro,Mediterraneans
Eurotrash,Europeans
Ewok,Arabs
Extra Crispy,Blacks
F.B.I.,Irish
Fabo,Australian Aboriginals
Fadi,Arabs
Fahim,Blacks
Fake Mexican,Hispanics
Fakey Jamaikey,Blacks
Falasha,Jews
Fan Kuei,Whites
Farang,Whites
Farang/Falang,Whites
Farq,Whites
Fat Albert,Blacks
FBI,Native Americans
Feargal,Blacks
Feather,Native Americans
Featherhead,Native Americans
Feb,Blacks
Feb,British
Felipe Parkhurst,Guatemalans
Fence Fairy,Mexicans
Fence-Hopper,Mexicans
Fenian,Irish
Fesskin,Mexicans
Fez,Arabs
Fidel,Hispanics
Field Nigger,Blacks
Field Rat,Mexicans
Fig Gobbler,Arabs
FILA,Blacks
Fili Cheese Steak,Filipinos
Filthy Pino,Filipinos
Fingernail Rancher,Asians
Finne,Finnish
Firangi,Whites
Fire Bush,Irish
Fire Crotch,Irish
Firecracker,Whites
Firecracker,Arabs
Firewood,Jews
Fischkopf,Germans
Fish,Israelis
Fish,Portuguese
Fish,Bengals
Fish-Belly,Whites
Fish-Eater,Norwegians
Fishhead,Asians
Flash,Americans
Flat-ass,Whites
Flat-Back,Whites
Flease,Greeks
Fligga,Filipinos
Fligger,Filipinos
Flip,Filipinos
Flipper,Mixed Races
Flipsican,Mixed Races
Flock of Seagulls,Whites
Floppy,Blacks
Floss,Asians
Flour Bag,Whites
FOB,Immigrants
FOB,Mexicans
Foedy,Blacks
FOF,Mexicans
Fog Horn,British
Fog Nigger,English
Fog-Breather,British
Fonzie,Italians
Fort Injun/Indian,Native Americans
Forty-Fiver,Chinese
Foster,Australians
Fountain Swimmer,Australian Aboriginals
Four By Two,Jews
Four Footer,Mexicans
Franklin,Blacks
Frasier,Blacks
Fremen,Arabs
Fritz,Germans
FroBro,Blacks
Frog,French
Frogman,Colombians
Frostback,Canadians
Frostbite,Blacks
Frosty,Whites
Frotch,Irish
Frozen Frog,French Canadians
Fruit-Picker,Hispanics
FUBU,Blacks
Fuji,Japanese
Fumblin' Dublin,Irish
Fur Licker,French
Future Inmate,Blacks
G/Gee,Blacks
Gabacho,Whites
Gádzsó,Hungarians
Gai-jin,Whites
Gai-ko,Whites
Gallego,Spaniards
Galleta,Whites
Gandhi,Indians
Ganesh,Indians
Gans,Latvians
Gar,Blacks
Garden Gnome,Hispanics
Gardner,Hispanics
Gargamel,Jews
Garlic Bread,Italians
Garlic Breath,Italians
Gas Huffer,Native Americans
Gas Pumper,Indians
Gasbag,Native Americans
Gatemaster,Jews
Gatorbait,Blacks
Gavacho,Whites
GED,Blacks
Geechee,Blacks
Geep,Italians
General Tso,Chinese
Germ,Germans
German Candle,Jews
German Oven Mitt,Jews
Gew,Jews
Ghengi,Mongolians
Ghetto,Blacks
Ghetto Hamster,Blacks
Ghetto Monkey,Blacks
Ghinder,Indians
Ghost,Whites
Ghost Rider,Blacks
Ghoul,Whites
Gilligan,Whites
Gimmie,Arabs
Gimpy,Blacks
Gin,Australian Aboriginals
Gina,Italians
Gingerbread Man,Jews
Gink,Asians
Ginny,Italians
Gino,Italians
Ginzo,Italians
Glass Nigger,Arabs
Glendale,Armenians
Glocky,Blacks
Glonni,Native Americans
Goat Roper,Arabs
Goat Roper,Whites
Goatbanger,Greeks
GOB,Whites
Gobbler,Greeks
Godzilla Snack,Japanese
Goggles,Australian Aboriginals
Goldberg,Jews
Golden Toe,Whites
Goldfish Monger,Asians
Goldie,Jews
Golliwog,Blacks
Goloid,Asians
Gomer,Whites
Gong Fei,Chinese
Goober,Whites
Gook,Vietnamese
Gookaniese,Vietnamese
Gookemon,Asians
Gookie Monster,Vietnamese
Goombah,Italians
Goon Ninja,Australian Aboriginals
Gor,Blacks
Gora,Whites
Gord,Canadians
Gordita,Mexicans
Gorilla,Blacks
Gorilla Head,Whites
Goulash,Hungarians
Goy/Goyim,Whites
Goya,Hispanics
Graham Cracker,Mixed Races
Grand Dragon,Whites
Grape-Smasher,Italians
Grape-Stomper,Italians
Grapico,Blacks
Grasshopper,Asians
Grasshopper,Mexicans
Gravelbellies,Hispanics
Gray,Whites
Grayboy/girl,Whites
Grease Ball,Italians
Grease Ball/Bag,Greeks
Greaser,Mexicans
Greaser,Blacks
Great Satan,Americans
Greek-arican,Mixed Races
Green,Irish
Green Bean,Mixed Races
Green Nigger,Irish
Greenhorn,Portuguese
Grenade,Arabs
Grinder,Asians
Gringo,Whites
Gro,Blacks
Groid,Blacks
Gronesha,Blacks
Groundskeeper Willie,Scottish
Grout,Germans
GTA,Blacks
Guachupine,Spaniards
Guancaca,Salvadorans
Guati,Guatemalans
Gubba,Australians
Guero,Whites
Guero/Guera,Whites
Guerro,Whites
Guffie,English
Guido,Italians
Guinea Pig,Italians
Guinea/Ginney,Italians
Gulper,Vietnamese
Gumby,Macedonians
Gump,Whites
Gunmaker,Columbian
Guppie,Greeks
Gupta,Indians
Gurrya,Whites
Gusak,Whites
Gut-Eater,Native Americans
Guttermonkey,Blacks
Gwai-lo,Whites
Gwat,Central Americans
Gyp/Gyppo,Egyptians
Gypsy,Romanians
HAB,Asians
Habib,Indians
Habibi,Arabs
Hadji,Indians
Haggis,Scottish
Haggistani,Scottish
Hagwei/Hayquay,Blacks
Hakui,Blacks
Halee Halaa,Indians
Half Baked,Mixed Races
Half Breed,Mixed Races
Half Cast,Mixed Races
Half-a-gas-can,Native Americans
Half-Dick,Jews
Half-Human,Blacks
Halfrican,Mixed Races
Halfro,Mixed Races
Halfula,Mixed Races
Hambone,Blacks
Hamburger,Americans
Hamilton,Indians
Hanah,Jews
Hans Bitterman,Germans
Haole,Whites
Hapa,Pacific Islanders
Hapshi,Africans
Harbor-Bomber,Japanese
Harlem,Blacks
Harp,Irish
Harpoon-Chucker,Eskimos
Hatchet-Packer,Native Americans
Haunt,Blacks
Hawaga/Khawaga,Whites
Hay Seed,Whites
Head Hunters,Polynesians
Head-bangers,Muslims
Hear-em-screama,Japanese
Hebe/Heeb,Jews
Hebro,Jews
Heebarican,Mixed Races
Heinee,Germans
Heinz,Mixed Races
Helo,Whites
Hendrix,Blacks
Hentai,Japanese
Herm,Germans
Herring Choker,Scandinavians
Hibe,Irish
Hick,Whites
Hickory-Smoked,Jews
Higger,Indians
High Yellow,Blacks
Highboots,Greeks
Hightalians,Italians
Hillbilly,Whites
Hillbilly,Scottish
Hilljack,Whites
Hillwilliam,Whites
Himey,Jews
Hispandex,Hispanics
Hitler,Germans
HNIC,Blacks
Ho Baas,Blacks
Ho De Doz,Blacks
Ho-chi,Vietnamese
Hohol,Ukranians
Hollowhead,Dutch
Holly,Whites
Holy Shit,Blacks
Homey/Homie,Blacks
Homocrat,Greeks
Honger,Chinese
Honkaloid,Whites
Honky/Honkie,Whites
Honky/Honkie,Asians
Hooknose,Jews
Hoon,Australians
Hoopie,Whites
Hoopty,Blacks
Hoosier,Whites
Hootie,Blacks
Hop-Sing,Chinese
Hori,Maori
Horse-Gums,Blacks
Horseface,Whites
Horvitz,Jews
Hoser,Canadians
Hot Dog Eater,Americans
Hot Footer,Hispanics
Hot Pocket,Jews
Hotel,Blacks
Hothead,Italians
Hotnot,Blacks
House Nigger,Blacks
Housekeeping,Hispanics
Howdy,Whites
HP,Whites
Hucka-lucka,Arabs
Huey,Blacks
Huff,Native Americans
Huk,Filipinos
Hun,Germans
Hunkie,Hungarians
Hunyak,Polish
Hurammi,Arabs
Hurri,Swedes
Huskie,Eskimos
Hutch,Blacks
Huxtable,Blacks
Hymie,Jews
I P's,Blacks
I-Tie,Italians
Ian,Armenians
Ice Monkey,Finnish
Ice Nigger,Canadians
Iceback,Canadians
Ikey-Mo,Jews
Imitasian,Whites
Imperialist,Americans
In-Betweener,Puerto Ricans
Incognegro,Whites
Indian,Native Americans
Indijew,Mixed Races
Indo,Indonesians
Indon,Indonesians
Indonigger,Indians
Init,Native Americans
Injun,Native Americans
Inky,Blacks
Interesting,Jews
Inverse Raddish,Russians
Iraqi Pete,Arabs
IROC,Italians
Ironing Board,Asians
Isaac,Jews
Island Beaner,Cubans
Island Monkey,English
Island Nigger,Polynesians
Itch,Yugoslavs
Ivan,Russians
Ivory,Whites
J.J.,Blacks
Jab,Indians
Jabonee,Italians
Jackamammy,Blacks
Jacker,Arabs
Jackpot,Blacks
Jafa,Australians
Jafa,Australian Aboriginals
Jafaken,Whites
Jagger,Mixed Races
Jake,Americans
Jam Bun,Germans
Jamairican,Jamaicans
Jambo,Blacks
Jandel,Polynesians
Jane Goodall,Whites
Jank,Japanese
Janner,English
Jap,Japanese
JAP,Jews
Japanigger,Asians
Japansy,Japanese
Jar Jar,Blacks
Jar-Head/Jarhead,Americans
Jarhead,Americans
Jaundy Boy,Asians
Jawa,Arabs
Jeeves,British
Jek,Chinese
Jellybean,Blacks
Jerry,Germans
Jerry Curl,Blacks
Jersey-Dweller,Blacks
Jesus Killer,Jews
Jet,Blacks
Jew,Jews
Jew Burner,Germans
Jew Jew Bee,Jews
Jew Killer,Germans
Jew Yorker,Jews
Jew-Bag,Jews
Jewbacca,Jews
Jewban,Mixed Races
Jewbling,Jews
Jewbrew,Jews
Jewbu,Jews
Jewess,Jews
Jewgaboo,Jews
Jewlet,Jews
Jewmaican,Jews
Jewop,Mixed Races
Jewpac,Jews
Jewpidity,Jews
Jewrab,Mixed Races
Jewrican,Mixed Races
Jewronimo,Mixed Races
Jewxican,Mixed Races
Jibaro,Puerto Ricans
Jiffy Pop,Blacks
Jig,Blacks
Jig,Japanese
Jig,Native Americans
Jig And A Pig,Blacks
Jig-Abdul,Arabs
Jigaboo,Blacks
Jigabrew,Mixed Races
Jigga,Blacks
Jigger,Mixed Races
Jihad,Arabs
Jihadi,Arabs
Jim,Blacks
Jim Crow,Blacks
Jin,Australian Aboriginals
Jin,Asians
Jink,Mixed Races
Jish,Jewish
Jjanggae,Chinese
Jock,Scottish
Joe,Americans
Johk Sing,Chinese
John Deere,Whites
John Redcorn,Native Americans
John Rocker,Whites
Johnny Bull,English
Johnny Reb,Whites
JOJ,Immigrants
Jr. Mint,Blacks
Juan Valdez,Hispanics
Juba,Blacks
Juban,Mixed Races
JUBU,Jews
Jughead,Koreans
Julab,Indians
July Ham,Blacks
Jumbo Jaws,Americans
Jump-up,Jamaicans
Jumping Bean,Mexicans
June Bug,Blacks
Jungle Bunny,Blacks
Junta,Asians
Justin Igger,Blacks
Kaaskop,Dutch
Kabloonuk,Whites
Kabob,Armenians
Kaek,Indians
Kaffer/ir,Blacks
Kaffir,Blacks
Kafir,Africans
Kaiser,Germans
Kala,Blacks
Kaliali,Indians
Kalu,Indians
Kamikaze,Japanese
Kanak,Hawaiians
Kanaka,Hawaiians
Kangaroo,Australians
Kango,Whites
Kangy,Australians
Kano,Americans
Kartoffel,Germans
Katsap,Russians
Katwa,Muslims
Katzenfresser,Italians
Keebler,Whites
Kees,Dutch
Kekeke,Koreans
Kermit,French
Kerpal,Pakistanis
KFC,Blacks
Khao-Khao,Whites
Khmerican,Cambodians
Khokhol,Ukrainians
Ki Yi,Native Americans
Kike,Jews
Killer Bee,Mexicans
Kilt,Scottish
Kimchee,Koreans
Kingfish,Blacks
Kink,Koreans
Kink,Mixed Races
Kirby,Blacks
Kitchen Sink,Chinese
Kiwi,New Zealanders
Kizzy,Blacks
Klondyke,Eskimos
Klooch,Native Americans
Knee Jerk,Native Americans
Knees,Asians
Knees Grow,Blacks
Knuckle-Dragger,Blacks
Koala,Australians
Kobe,Blacks
Kogut,Ukrainians
Koku-jin,Blacks
Kook,Whites
Koolaid,Blacks
Koona,Australian Aboriginals
Koorie,Australian Aboriginals
Kooshi,Blacks
Kosher Konsumer,Jews
Koshie,Jews
Kossy,Germans
Kotonk,Japanese
Kraftwerk,Germans
Kraut,Germans
Kukolokod,Native Americans
Kullemaia,Estonians
Kumar,Indians
Kung-fu,Chinese
Kunta (Kinte),Blacks
Kurad,Estonians
Kurochan,Blacks
Kurombo,Blacks
Kushi,Blacks
Kuthi,Indians
Kwai-lo,Whites
Labanc,Austrians
Labus,Latvians
Lamb Chop,Greeks
Lamington,Australian Aboriginals
Lamp Shade,Jews
Land Torpedo,Arabs
Lando,Blacks
Landscaper,Mexicans
Landya,Arabs
Langosta/Langostina,Cubans
Lao-Mo,Hispanics
Lao-wai,Whites
Laplander,Sami
Laposta,Italians
Lapp,Sami
Larrikin,Australians
Lassie,Whites
Latifah,Blacks
Latrino,Hispanics
Latte,Mixed Races
Latvo,Latvians
Lava Lamp,Hawaiians
Lava Nigger,Hawaiians
Lawn Jockey,Blacks
Lawnmower,Mexicans
LBD,Non-Whites
LBFM,Filipinos
Leafblower,Hispanics
Leb/Lebbo,Lebanese
Leche,Whites
Lefty,Arabs
Lego,Asians
Lemonhead,Asians
Leprechaun,Irish
Leprecoon,Blacks
Leroy,Blacks
LeRoy Rogers,Blacks
Levar,Blacks
Lice,Whites
Lice-Nester,Whites
Lily,Whites
Limey,British
Lincoln's Mistake,Blacks
Linthead,Whites
Lit,Lithuanians
Lithwhack,Lithuanians
Little (Black) Sambo,Blacks
Little Brown Buddy,Filipinos
Little Hiroshima,Asians
Litvok,Lithuanians
Liver Lips,Blacks
Liverlips,Blacks
Lizard,Chinese
Lobster,Whites
Lobsterback,British
Loby,Hispanics
Lock,Polish
Locust Eater,Afghans
Lofan,Whites
Lov,Russians
Lowlander,Dutch
Lowrider,Hispanics
Lubricano,Mexicans
Lucius,Blacks
Lugan,Lithuanians
Lugz,Blacks
Luigi,Italians
Lynch-monger,Whites
Ma Se Poes,Blacks
Mac,Scottish
Macaca,Indians
Macaco,Brazilians
Macaquito,Brazilians
Macaroni,Italians
Mackerel Snapper,Irish
MacLord,Whites
Madrasis,Indians
Maggot,Whites
Magila Gorilla,Blacks
Mahout,Indians
Mail-order Bride,Filipinos
Maize-Muncher,Native Americans
Makak,Moroccan
Makaronifresser,Italians
Malabari,Malayali/Indian
Maldito Bori,Puerto Ricans
Mammy,Blacks
Mandingo,Blacks
Mandinka,Blacks
Mango,Hawaiians
Mangosteen,Indians
Mangro-Monkey,Blacks
Manny,Portuguese
Manuel Labor,Mexicans
Mao,Chinese
Mape,Canadians
Maple Leaf Nigger,Canadians
Maple-Sucker,Canadians
Mario,Italians
Maroon,Blacks
Marsh Nigger,Dutch
Marshmallow,Whites
MARTA,Blacks
Martha Stewart,Whites
Mascot,Native Americans
Massa,Whites
Mat Saleh,Whites
Matza-Gobbler,Jews
Matzah,Jews
Mavro/Mav,Blacks
Mayate,Blacks
Mayflower,Whites
Mayonnaise,Whites
McChigger,Mixed Races
McGook,Vietnamese
McKraut,Mixed Races
McNigga,Blacks
McNugget,Scottish
McSpic,Mixed Races
McWop,Mixed Races
MD,Whites
Mead,Irish
Meat Pie,Asians
Meatball,Italians
Mechanical,Blacks
Med Wop,Mediterraneans
Mehi,Mexican
Melanzana,Blacks
Mellanoid,Blacks
Melon Johnny,Blacks
Memetis,Turks
Memphis,Whites
Merkin,Americans
Meshback,Whites
Meshky,Blacks
Mestizo,Hispanics
Mexcrement,Mexicans
Mexi-Ho's,Mexicans
Mexican't,Mexicans
Mexicoon,Mixed Races
Mexijew,Mixed Races
Meximese,Mixed Races
Mi Dang,Blacks
Michelli,Whites
Mick/Mic/Mc,Irish
Midnight,Blacks
Migger,Mexicans
Miguel,Mexicans
Milano,Mixed Races
Milk,Whites
Milk Dud,Blacks
Milkhead,Whites
Milkman,Blacks
Milky,Whites
Mingia,Italians
Mishwa,Blacks
Miss Cleo,Blacks
Missing Tooth,Whites
Missippi Tree Emblem,Blacks
Mississippi Blue Lip,Blacks
Mister Charles,Vietnamese
Mister Charlie,Whites
Miyagi,Asians
Miyate,Blacks
MLK,Blacks
Mo,Mexicans
Mo,Eskimos
Mo And Yo,Blacks
Moanback,Blacks
MOB,Americans
Mocha,Arabs
Mockey,Jews
Mocro,Moroccans
Modern Farm Equipment,Mexicans
Moe,Chinese
Mof/Moffen,Germans
Mohow,Native Americans
Mojack,Icelandics
Mojado,Hispanics
Mojo,Hispanics
Moke,Hawaiians
Molecko Jecko,Egyptians
Monday,Blacks
Mongrel,Mixed Races
Monkey,Blacks
Monkeyboy,Blacks
Mono,Blacks
Montana,Hispanics
Montu,Blacks
Mook,Chinese
Mooliachi,Blacks
Moolie,Blacks
Moolignon,Blacks
Moon Cricket,Blacks
Moon Cricket,Whites
Moor,Arabs
Moose,Koreans
Moosefucker,Canadians
Moron,Mormons
Morta Cristo,Jews
Moses,Jews
Moskal,Russians
Mosquito,Muslims
Mosquito,Jews
Moss Eater,Whites
Mottisa,Blacks
Mountain Monkey,Norwegians
Mouse,Whites
Mow-Mow,Blacks
Mozzie,Muslims
Mr. Big,Blacks
Mr. Bojangles,Blacks
MSG Farmers,Chinese
Muck,Eskimos
Muck,Native Americans
Muckadoo,Blacks
Mucker,Irish
Mud,Mixed Races
Mud Duck,Blacks
Mud Flaps,Blacks
Mud People,Blacks
Mud Shark,Whites
Mud Turtle,Blacks
Mudak,Russians
Mudskipper,Whites
Mudslide,Mexicans
Mufasa,Blacks
Muffin-head,Blacks
Muhammad,Arabs
Muk/Muktuk,Eskimos
Muktuk,Eskimos
Mulan,Chinese
Mule,Hispanics
Mullato,Mixed Races
Mulletard,Whites
Mullethead,Whites
Mulunyan,Blacks
Mung,Vietnamese
Mungen,Chinese
Mungie Cake,Whites
Munt,Blacks
Mupp,Whites
Muppetfucker,Whites
Murray,Maori
Mushu,Asians
Musungu,Whites
Mutt,Mixed Races
Muzzie,Arabs
My Friend!,Indians
Mythmaker,Greeks
N'er,Blacks
N.E.D.,Scottish
N.L.B.,Whites
Naca,Blacks
Nacho,Hispanics
Naco,Hispanics
Nade,Canadians
Naffer,Arabs
NAGA,Blacks
Nagasaki,Japanese
Nagur,Blacks
NAHA,Blacks
Nammer,Vietnamese
Nanner,Blacks
Nanner,Afghans
NAPA,Blacks
Napalm,Vietnamese
Napkin Nigger,Indians
Nappy Head,Blacks
Nappy-headed Ho,Blacks
Narrow Back,Irish
NASA,African Americans
Natasha,Russians
Nate,Native Americans
Nazi,Germans
Neanderthal,Scottish
Neck,Whites
Neechee,Native Americans
Neekeri/Nekru,Blacks
Negative,Blacks
Negress,Blacks
Negro,Blacks
Negroid,Blacks
Negrophiliac,Whites
Nelly,Blacks
Nethead,Hispanics
New York Met,Hispanics
Newfie,Canadians
Newspaper,Mixed Races
Newyorican,Puerto Ricans
NFT,Blacks
Ng,Asians
Ni-ni,Blacks
Niche,Blacks
Nickel Nose,Jews
Nico/a,Nicaraguans
Nig-nog,Blacks
Nigdu,Mixed Races
Niggabyte,Blacks
Niggapotomous,Blacks
Nigger,Blacks
Nigger,Whites
Nigger Digger,Whites
Nigger Magnet,Whites
Nigger mortis,Blacks
Niggerachi,Blacks
Niggerette,Blacks
Niggerican,Mixed Races
Niggerino,Blacks
Niggeroid,Blacks
Nigglet,Blacks
Night Club Bomber,Muslims
Night Fighter,Black
Night-Rider,Whites
Nightcrawler,Blacks
Nightlite,Whites
Niglige,Blacks
Nigloo,Blacks
Nignorant,Blacks
Nigonometry,Blacks
Nigook,Mixed Races
Nigra,Blacks
Nigress,Blacks
Nike,Mixed Races
Niknok,Blacks
Nikon,Asians
Nilla,Whites
Nina,Irish
Nine Iron,Asians
Nineteens (19's),Blacks
Ninja,Asians
Ninja,Blacks
Nink,Chinese
Ninky,Mixed Races
Nip,Japanese
Nip/Nipper,Japanese
Niponese,Japanese
Nipper,Japanese
Nippopotomus,Japanese
Niptai,Mixed Races
Nit,Native Americans
Nitch,Blacks
Nog,Blacks
NOLA,Blacks
Non,Whites
Nonswimmer,Blacks
Nooc,Blacks
Noodle Nigger,Chinese
Nooger,Chinese
Noogin,Norwegians
Norbagge,Norwegians
Nordski,Scandinavians
Nork,North Koreans
Norsk,Norwegians
Norsky,Norwegians
North Mexican,Canadians
November,Blacks
Nubian Princess,Blacks
Number 2,Blacks
Nunga,Australian Aboriginals
Nuprin,Asians
Nurple,Blacks
O.J.,Blacks
O.T.W.,Blacks
Oar Tuggers,Blacks
OBG,Blacks
Ocnod,Arabs
Octoroon,Mixed Races
Ofay,Whites
Off Beat,Whites
Off-White,Mediterraneans
Oil Baron,Arabs
Oil Junky,Americans
Oil Slick,Blacks
Ola,Norwegians
Olaf,Scandinavians
Old Brown Tucker,Blacks
Old Fig,Whites
Olejnik,Slovakians
Olive Nigger,Greeks
Olive-Picker,Greeks
Olympican,Mexicans
Omarosa,Blacks
Onionhead,Urkranians
OPEC,Arabs
Opie,Whites
Oquizi Ohcha,Whites
Orange Picker,Hispanics
Orangie,Dutch
Orb,Blacks
Oreo,Blacks
Oreo,Asians
Oriental,Asian
Orlando,Blacks
Ornamental,Asians
Osama,Arabs
Osrouge,Mixed Races
Otaku,Whites
Othello,Blacks
Oven Magnet,Jews
Oven-Baked,Jews
Oven-Dweller,Jews
Oye,Cubans
Oyebo,Whites
Oz,Australians
P-1,Asians
P. R.,Puerto Ricans
P.L.O.,Arabs
P.O.A.,Blacks
Pac Man,Pakistanis
Pachuco,Mexicans
Paddy,Irish
Paddy Wagon,Irish
Pajama Mamma,Arabs
Pakeha,New Zealanders
Paki,Indians
Pakoniggy,Mixed Races
Pal,Palestinians
Palangi,Whites
Paleface,Whites
Paleostinian,Palestinians
Palesimian,Palestinians
Palewhineian,Palestinians
Palm Beacher,Jews
Palta,Blacks
Pancake,Asians
Pancake,Whites
Panda,Panamanians
Panda Trainer,Chinese
Panface,Chinese
Panhead,Asians
Papa Ganoush,Arabs
Paperbag,Creole
Papolo,Blacks
Paragraph,Hispanics
Paragua,Paraguayans
Paris Hilton,Whites
Parsik,Persians
Pastyface,Whites
Patel,Indians
Patio Primate,Blacks
Patn�,Creole
Patty,Asians
Patty,Whites
Peanut Butter Brother,Arabs
Peasouper,French Canadians
Peckerwood,Whites
Peckin,Whites
Peeled Banana,Asians
Pekka,Finnish
Pelu-ano,Peruvians
Pen and Ink,Chinese
Pendos,Greeks
Penny Chaser,Jews
Penny-Pincher,Jews
Pepik,Czechs
Pepper,French Canadians
Pepperbelly,Hispanics
Pepsi,French Canadians
Perm Sperm,Whites
Perogy,Ukrainians
Persuasion,Whites
Peter Pan/Tinkerbell,Dutch
Petrol Sniffers,Australian Aboriginals
Petrolera,Whites
Petrolero,Hispanics
Petrovich,Slovakians
Pez Dispenser,Blacks
Phlegm,Belgians
Pickaninny,Blacks
Pie Face,Eskimos
Piffke,Germans
Pig-fucker,Whites
Pigger,Pakistanis
Pigmently-Challenged,Whites
PIGS,Mediterraneans
Pikachu,Japanese
Pikajew,Mixed Races
Pikey,Gypsies
Pilgrim,Whites
Pindos,Americans
Pindunderjip,Indians
Pine Sol,Blacks
Pine Tree Ornament,Blacks
Pineapple,Blacks
Pineapple,Filipinos
Pineapple Lump,Asians
Pineapple Nigger,Hawaiians
Pineback,Canadians
Pinewood,Whites
Piney,Whites
Ping Pong,Chinese
Ping-pang,Asians
Pink Toe,Whites
Pink-Heel,Blacks
Pinkaloid,Whites
Pinko,Russians
Pinky,Whites
Pinky Poop,Mixed Races
Pinocchio,Jews
Pinto,Mixed Races
Pipe Blower,Scottish
Piper,Scottish
Pit,Blacks
Pizdaglaz,Asians
Pizza,Jews
Pizza Nigger,Italians
Pizzabagel,Mixed Races
Plantain,Dominicans
Plastic Paddy,Irish
Platano Power,Dominicans
Plate Tossers,Asians
Platneus,Blacks
Pleb,Whites
Plow Jockey,Blacks
Po'bucker,Whites
Po-Bean,Hispanics
POC,Blacks
Pocho,Hispanics
Pocky,Japanese
Pogue,Irish
Pohm,British
Poi-belly,Hawaiians
Point-Six (.6),Blacks
Pointy-Head,Asians
Pokemon,Japanese
Polar Bear,Whites
Polarican,Mixed Races
Pole,Polish
Polentone,Italians
Polexican,Mixed Races
Pollo,Hispanics
Polock/Polak,Polish
Polski,Polish
Pome,British
Pontiac,Blacks
Poo,Blacks
Pookie,Blacks
Pool-digger,Mexicans
Poon,Hindus
Pooty,Whites
Popolo,Blacks
Popov,Russians
Poppin Fresh,Whites
Popular Science,Jews
Porch Honkey,Whites
Porch Monkey,Blacks
Pork and Cheese,Portuguese
Pork-chop,Portuguese
Porky,Jews
Poro,Finnish
Porqin,Puerto Ricans
Porridge Wog,Scottish
Portagee,Portuguese
Portajew,Mixed Races
Portawop,Mixed Races
Portugoose,Portuguese
Post It,Asians
Pot-Licker,Irish
Potato,Mexicans
Potato Breath,Irish
Potato Head,Irish
Potato Nigger,Irish
Potato Queen,Asians
Potato-Eater,Irish
Poutine,French Canadians
Pow Wow,Native Americans
Powder,Whites
Powdered Donut,Whites
Powerpoint,Asians
Prairie Nigger,Native Americans
Prapper,Blacks
Pretendian,Native Americans
Pretzel,Blacks
Prieto,Blacks
Prigger,Canadian Aboriginals/Native Canadians
Primate,Blacks
Printer,Whites
Proddy,Irish
Property,Blacks
Protractor,Asians
Provo,Irish
Provolone,Italians
Pube Face,Arabs
Pube Head,Blacks
Pubie,Blacks
Puck,Canadians
Puck-Chaser,Canadians
Puckhead,Canadians
Puckstop,Americans
Pudden,English
Puddle Duck,Blacks
Puerto Grecan,Mixed Races
Puerto Potty,Puerto Ricans
Puika,Latvians
Puke,Mixed Races
Pull-Start,Indians
Pumpkinhead,Asians
Punjab,Indians
Pus,Whites
Push-Button,Indians
Pusher-Man,Blacks
Pute,Whites
PWT,Whites
Pyramid-Fucker,Egyptians
Q-Tip Head,Arabs
Quadroon,African Americans
Quarter Jockey,Asians
Quashee,Blacks
Queeb,French Canadians
Queue Warmer,Australian Aboriginals
Rab,Arabs
Rabbit,Whites
Rabiz,Armenians
Race-Traitor,Mixed Races
Racial Slurry,Mixed Races
Racially-Challanged,Non-Whites
Racoon,Arabs
Rad,Russians
Radish,Native Americans
Rafter,Cubans
Rag,Filipinos
Rag-head,Arabs
Ragoona,Blacks
Ragu,Italians
Rail-Hopper,Chinese
Railer,Chinese
Raisin,Asians
Raisinhead,Blacks
Rake,Somalians
Random,Asians
Rangoon,Asians
Raq-Coon,Arabs
Rasian,Asians
Rasputin,Russians
Rasta Fazoul,Mixed Races
Raw Chicken,Whites
Re-nigg,Blacks
Recyclables,Whites
Red,Native Americans
Red,Russians
Red,Chinese
Red Beard,Whites
Red Coat,British
Red Monkey,Chinese
Red Nigger,Native Americans
Red Sea Pedestrian,Jews
Redbone,Blacks
Redface,Albanians
Redneck,Whites
Redskin,Native Americans
Ref,Hispanics
Reggie,Blacks
Reggin,Blacks
Reggina,Blacks
Remote Control,Blacks
Reset,Indians
Reverse Oreo,Whites
Rhythmless Nation,Whites
Ric,Whites
Rice Ball,Asians
Rice Burner/Rice Rocket,Asians
Rice Cracker,Mixed Races
Rice Cracker,Whites
Rice King,Whites
Rice Nigger,Asians
Rice-Chaser,Whites
Rice-Cooker,Asians
Rice-Eater,Asians
Rice-Paddy,Asians
Rice-Picker,Asians
Rico Suave,Hispanics
Rifle-Dropper,French
Rigger,Russians
Ringo,English
Ritz Cracker,Whites
River Nigger,Mexicans
River-Crosser,Hispanics
Rizzo,Italians
Rjeindeer-Fjucker,Norwegians
Roach,Mexicans
Roach,Blacks
Roach-Rancher,Arabs
Roadblock,Mexicans
Rock,Blacks
Rock Ape,Australian Aboriginals
Rock Spider,Whites
Rock-Chucker,Arabs
Rockfish,Blacks
Rod,Polish
Roid,Blacks
ROK,Koreans
Rolling Stones,Montenegrians
Rom,Romanians
Roma,Romanians
Roman Candle,Arabs
Roo,Australians
Roo,Mixed Races
Roof Rabbit Killer,Chinese
Roofucker,Australians
Rooineck,British
Rooinek,British
Rook,Russians
Rope-Head,Blacks
Rope-Straightener,Blacks
Rosbif,British
Rosuke,Russians
Round-Eye,Whites
Round-face,Slovakians
Royal Hawaiian,Blacks
RSDB,This Site
Rubberhead,Canadians
Rube,Whites
Ruble Head,Russians
Rufus,Blacks
Rug Merchant,Arabs
Rug Pilot,Arabs
Rug-Rider,Arabs
"Runs, The",Blacks
Ruskie,Russians
Russian Swede,Finnish
Rutabaga,Swedes
R�stifresser,Swiss
Saf,South Africans
Safe,Blacks
Sailor,Blacks
Salami,Italians
Salmon Cruncher,Native Americans
Salmon Nigger,Native Americans
Salt-Prick,South Africans
Saltine,Whites
Saltwater Nigger,Cubans
Salty,Cubans
Sam,Somalians
SAM,Mexican
Sambo,Indians
Sambo,Blacks
Sammie,Somalians
San,Blacks
Sanchez,Hispanics
Sand Flea,Arabs
Sand Groper,Australians
Sand Kisser,Arabs
Sand Monkey,Arabs
Sand Moolie,Arabs
Sand Nigger,Arabs
Sand Rat,Arabs
Sand Scratcher,Arabs
Sandies,Arabs
Sandy,Arabs
Sandy Crockett,Arabs
Sanford,Blacks
Sanjay,Indians
Sanyika,Hungarians
SARS,Chinese
Sassenach,English
Satchmo,Blacks
Saupreiss,Germans
Savage,Native Americans
SAW,Whites
Sayeedi/Saeedi,Egyptians
SBH,Asians
SCAB,Americans
Scalper,Native Americans
Scandie,Scandinavians
Scap,Mixed Races
Scat,Blacks
Sceptic,Americans
Scheiss-Ami,Americans
Schemie,Scottish
Schiptar,Albanians
Schleu,Germans
Schlitzauge,Asians
Schluchtenscheisser,Austrians
Schmeisser,Germans
Schwartza,Blacks
Schwarzenigger,Blacks
Schwarzie,Blacks
Schwoogie,Blacks
Scooby Doo,Jews
Scotch,Scottish
Scotty,Scottish
Scrap,Mexicans
Scratch-Back,Hispanics
Scrob,Icelanders
Sea Jew,Norwegians
Sea Monkey,Pacific Islanders
Seagull,Filipinos
Seal-Clubber,Native Americans
Seal-Fucker,Canadians
Seaweed-Sucker,Asians
Seinfeld,Jews
Self-Chosen,Jews
Semi-Simian,Blacks
Semihole,Native Americans
Seoul Man,Koreans
Seppo,Americans
Seppo/Zeppo,Americans
Septic,Americans
Septic Tank,Americans
Septic/Sherman,Americans
Serial Killer,Whites
Serpent,Whites
Sexican,Hispanics
SFA,Americans
Shackle Dragger,Australians
Shade,Blacks
Shadow,Blacks
Shadow-Smurf,Blacks
Shaft,Blacks
Shaka Zulu,Blacks
Shamrock Nigger,Irish
Shant,Irish
Sheeny,Jews
Sheep Dip,Whites
Sheep-Shagger,Welsh/Scottish
Sheepie,New Zealanders
Sheethead,Whites
Sheister,Jews
Shiksa,Whites
Shillelagh-Hugger,Irish
Shine/Shiner,Blacks
Ship-wrecked Mexican,Puerto Ricans
Shipping Cargo,Blacks
Shiptar,Albanians
Shit Hand,Arabs
Shit Palm,Whites
Shit-Eater,Germans
Shit-Kicker,Whites
Shit-Slinger,Blacks
Shitheel,Blacks
Shitskin,Blacks
Shnozzle,Jews
Shoe,Dutch
Shoe Shiner,Blacks
Shonnicker,Jews
Shoobie,Canadians
Shovel,Bosnians
Shovel-Head,Koreans
Shuffalong,Blacks
Shvartz,Blacks
Shvatsa,Blacks
Shvooga,Blacks
Shylock,Jews
Sid,Irish
Silver-tip,Swedes
Silverback,Blacks
Silvery,Blacks
Simian,Blacks
Simpson,Asians
Sir Mix A Lot,Blacks
Siwash,Native Americans
Six,Blacks
Six Point(er),Jews
Six-nose,Jews
Six-Weeker,French
Sixer,Blacks
Skel/Skell,Whites
Ski,Somalians
Skier,Polish
Skillet,Blacks
Skimo,Eskimos
Skinflint,Blacks
Skinhead,Whites
Skinny,Somalians
Skip,Australians
Skippy Poofter,Australians
Skunk,Mixed Races
Slackjaw,Whites
Slant,Asians
Slantey-eye'd,Asians
Slave,Blacks
Slave Ships,Blacks
Sleeper Cell,Arabs
Sleepwalker,Asians
Sleestack,Blacks
Slide,Blacks
Slim,Somalians
Slim Shady,Whites
Slingshot,Palestinians
Slit,Asians
Sloat,Vietnamese
Slope,Asians
Slope Head,Asians
Slot Machine,Asian
Slurpee,Arabs
Slurpee Jockey,Indians
Slurpee Nigger,Arabs
Slushee-Slinger,Arabs
Smack,Asians
Smigger,Blacks
Smoke,Blacks
Smoke Jumper,Whites
Smoke-Signal,Native Americans
Smoked Irish,Blacks
Smokefoot,Blacks
Smokestack,Blacks
Smokey,Blacks
Smore,Samoans
Snail-Snapper,French
Snake,Whites
Snake Charmer,Arabs
Sneakers,Blacks
Snicker Licker,Whites
Snigger,Arabs
Snigger,Blacks
Snipcock,Jews
Snipes,Blacks
Snob,Blacks
Snow,Whites
Snow Bird,Canadians
Snow Bird,Jews
Snow Chink,Eskimos
Snow Monkey,Canadians
Snow Nigger,Eskimos
Snowback,Canadians
Snowblower,Eskimos
Snowflake,Blacks
Snowflake,Jews
Snowflake,Whites
Snowfrogs,French Canadians
Snowman,Whites
Soak,Mexicans
Soap Dodger,French
Socket Face,Asians
Sodbuster,Americans
Soggy Cracker,Mixed Races
Sole,Samoan
Somppu,Somalians
Son,Blacks
Sooty,Blacks
Sortarican,Puerto Ricans
Soul Food,Blacks
Soup,Mixed Races
Southern Windchime,Blacks
Soutpiel,English
Soy Sauce,Asians
Soyback,Asians
Spabook,Blacks
Spade,Blacks
Spaghetti Vender,Italians
Spaghetti-Slurper,Italians
Spaghetti-Twister,Italians
Spaghetto,Italians
Spanglish,Hispanics
Spear-Chucker,Blacks
Spec,Hispanics
Special Meal,Jews
Speed Demon,Hispanics
Spegro,Mixed Races
Spew,Mixed Races
Spic,Hispanics
Spic and Span,Hispanics
Spicaninny,Mexicans
Spice Rubber,Indians
Spicet Fence,Mexicans
Spickaboo,Mixed Races
SpicNic,Hispanics
Spicracker,Mixed Races
Spicy Cracker,Mixed Races
Spider,Italians
Spigger,Mixed Races
Spike,Mixed Races
Spink,Mixed Races
Spivic,Hispanics
Spizzician,Mixed Races
Splib,Blacks
Spliv,Blacks
Spoda,Blacks
Sponge Head,Blacks
Spook,Blacks
Spoon,Blacks
Spoonbill,Blacks
Spoonhead,Cardassians
Spota,Blacks
Spread,Mexicans
Sprout,Belgians
Spruce Monkey,Native Americans
Spud,Irish
Spudnigger,Irish
Sputnik,Russians
Squanto,Native Americans
Squarehead,Scandanavians
Squarehead,Albanians
Squaw,Native Americans
Squaw Hopper,Native Americans
Squint,Asians
Stable Boy,Croats
Stacks,Blacks
Stallion,Italians
Stan,Arabs
Stein,Jews
Stepn Fetchit,Blacks
Still,Falkland Islanders
Stinkian,Armenians
Stormwatcher,Whites
Stovelid,Blacks
Stovepipe,Blacks
Strange Fruit,Blacks
Strap Hangers,Blacks
Street Cheetah,Blacks
Stump/Tree Jumper,Whites
Sub-Human,Blacks
Sudaca,South Americans
Suddha,Whites
Sun Goblin,Arabs
Sunarefa,Arabs
Sunny Side Up,Asians
Suntan,Blacks
Superfly,Pacific Islanders
Surrender Monkeys,French
Suspect,Blacks
Svenne,Swedes
Swami,Indians
Swamp Donkey,Blacks
Swamp Kike,Cajuns
Swamp Yankee,Americans
Swamp-Runner,Blacks
Swamper,Blacks
Swan,Whites
Swap,Mixed Races
Sway,Blacks
Sweaty,Blacks
Sweaty Sock,Scottish
Swedish Meatball,Swedes
Sweetback,Blacks
Swine,Whites
Swinger,Blacks
Swirlie,Mixed Races
Tab,Asians
Tabeetsu,Whites
Table Face,Asians
Taco,Hispanics
Taco Bender,Hispanics
Taco Jockey,Mexicans
Taco Nigger,Hispanics
Taco Shell,Whites
Tad Pole,French
Taffy,Welsh
Tagger,Blacks
Tai-chink,Asians
Taig,Irish
Tailless Monkeys,Filipinos
Tamale,Hispanics
Tans,British
TAP,Americans
TAP,Taiwanese
Tape Head,Asians
Tar Baby,Blacks
Taran,Romanians
Target,Iraqis
Target,Indians
Taro,Polynesians
Tater Tot,Irish
Taxi,Asians
Taxi Driver,Indians
Tea-wop,British
Teabag,British
Ted Stevens,Blacks
Tee-Pee Creeper,Native Americans
Termite,Whites
Terr-ab,Arabs
Terrence,Blacks
Terrone,Italians
Terrorist,Arabs
Test-Taker,Asians
Tetris,Russians
Tex-mex,Mexicans
Texican,Mexicans
Thank You Come Again,Indians
The Element,Blacks
The Missing Link,Blacks
Thick Lips,Blacks
Thick Mick,Irish
Thief,Blacks
Thin-Eyed,Asians
Thing-a-manigger,Blacks
Thirty-Six-Thirty (36-30),Blacks
Thistle Arse,Scottish
Three-Fifth (3/5),Blacks
Thug,Whites
Thumper,Blacks
Tibbs,Blacks
Tibla,Russians
Tico,Costa Ricans
Tifuti,Blacks
Tiger,Mixed Races
Tigger,Blacks
Timber Nigger,Native Americans
Tinty,Asians
Tiny,Asians
Tiny Tim,Whites
Tipi Tom,Native Americans
Tira-flecha,Latin Americans
Tire-Hugger,Mexicans
Tizzun,Blacks
TNT,Filipinos
Toad,French
Toad,Blacks
Toboggan,Trinidadians
Toby,Blacks
Toilet Swimmer,Blacks
Tojo,Japanese
Token,Blacks
Tokenbump,Blacks
Tom Robinson,Blacks
Tomahawk-Chucker,Native Americans
Tomahonky,Native Americans
Tomato Picker,Hispanics
Tommy,British
Tonk,Mexicans
Tonto,Native Americans
Tony,Italians
Tony Soprano,Italians
Tootsie Rolls,Blacks
Tornado Bait,Whites
Tory,Irish
Toubob,Whites
Toucan Sam,Jews
Tounge-Clicker,Blacks
Towel-head,Arabs
Towlie,Arabs
TP,Pakistanis
TPT,Whites
Trail Nigger,Native Americans
Trailer Trash,Whites
Trash,Whites
Tree Hockey,Blacks
Tree Ornament,Blacks
Tree-Jumper,Blacks
Tree-Looper,Whites
Tree-Swinger,Blacks
Triad,Asians
Triathlete,Mexicans
Trigger,Blacks
Tripod,Blacks
Triscuit,Whites
Trisket,Mixed Races
Trog,Whites
Tsinker,Thais
Tuft,Greeks
Tuna,Portuguese
Tundra Nigger,Native Americans
Tunnel Digger,Vietnamese
Tunnel Rat,Vietnamese
Tupperware Head,Austrians
Turbinator,Indians
Turco,Arabs
Turf-Cutter,Irish
Turkey,Whites
Turkey Sandwich,Turkish
Turkish Axe,Turks
Turtleneck,French
Tuskan Raider,Arabs
Tusken,Somalians
Tusken Raider,Arabs
Tutsoon/Tootsoon,Blacks
Twink,Taiwanese
Twinkie,Asians
Twister Fodder,Americans
Two Stroke,Asians
TWO-TONE,Mixed Races
Tycoon,Blacks
Tyrone,Blacks
Tyvek,Blacks
Ubangi,Blacks
Uda,Spanish
UFO,Asians
Uke,Ukrainians
Ukey,Ukrainians
Umlungu,Whites
Uncle Ben,Blacks
Uncle Ben's Boys,Vietnamese
Uncle Daddy,Whites
Uncle Scam,Americans
Uncle Tom,Blacks
Underbite,Koreans
Unemployus Africanus,Blacks
Uni-brow,Greeks
Upsurt,Bulgarians
Urban Turban,Arabs
Urkel,Blacks
Uzbek,Asians
Vacuum Cleaner,Blacks
Vamp,Whites
Vanilla,Whites
Vanilla Asian,Russians
Vanilla Coke,Blacks
Vanilla Gorilla,Blacks
Vanilla Ice,Whites
Vato,Mexicans
VC,Asians
Vegemite,Australian Aboriginals
Velcro-head,Blacks
Verbes,Romanians
Viceroy,Japanese
Victor Charlie,Vietnamese
Viet Cong,Vietnamese
Vike,Scandinavians
Viking,Norwegians
Vinegar,Mixed Races
Vink,Vietnamese
Vinny Del,Blacks
Vlade,Serbs
Vlah,Serbs
Vodka Nigger,Russians
Vodkalky,Russians
Volkswagen,Germans
Voodoo,Blacks
Voons,Hatians
W.O.G.,Hispanics
Wab,Hispanics
Wadie,Mexicans
Wadjyla,Whites
Waffle,Belgians
Wagon-Burner,Native Americans
Wahoo,Native Americans
Wailer,Jamaicans
Waki,Pakistanis
Waki Paki,Pakistanis
Walking Carpet,Armenians
Wallione,Italians
WAM,Whites
Wandering Jew,Jews
Wang Chung,Asians
Wanian,Lithuanians
Wanker,British
Wankster,Whites
WAP,Whites
Wapanese,Whites
War Whoop,Native Americans
Washisho,Whites
Wasian,Whites
Wasp,Whites
Water Buffalo,Blacks
Watermelon,Blacks
Watermelon,Guatemalans
Waverunner,Asians
Wayans,Blacks
Weaner,Whites
Webe,Blacks
Weegie,Norwegians
Weegie,Scottish
Wegro,Whites
Wej,Jews
Welfare Monkey,Blacks
Welfare Mother,Blacks
Welsher,Welsh
Wet Dog,Whites
Wetback,Mexicans
WetBlack,Mixed Races
Wetvac,Mexicans
Wexican,Mixed Races
Whack,Whites
Whacky Iraqi,Iraqis
Whale Turd,Blacks
Wheat Thin,Whites
Whipping Post,Blacks
Whiskey Tango,Whites
White Chocolate,Whites
White Devil,Whites
White Eye,Whites
White Nigger,Irish
White Out,Whites
White Wall,Blacks
White-wash,Mixed Races
Whitebread,Whites
Whiteflagger,French
Whitetrash,Whites
Whitey,Whites
Whopper,Italians
Whose My Daddy?,Blacks
Wic,Whites
Widescreen,Asians
Wigger,Whites
Wiggerette,Whites
Wiggie/Wigg,Non-Whites
Wigglet,Whites
Wikki Wikki,Blacks
Windchimes,Blacks
Windian,Whites
Windmill Winder,Dutch
Wink,Whites
Winkle,Whites
Winky,Asians
Wog,Asians
Wog,Greeks
Wog,Indians
Wog,Blacks
Woggle,Asians
Won Ton,Whites
Won Ton Parmesan,Mixed Races
Wonder Bread,Whites
Wonder Bread Wop,Italians
Wood,Whites
Woodies,Dutch
Wookie,Blacks
Wool Head,Blacks
Woolie Jumpers,New Zealanders
Woolyback,Welsh
WOP,Italians
WOPaho,Native Americans
Wopalock,Mixed Races
Wopski,Mixed Races
Wound,Whites
WT,Whites
WTT,Whites
Xarnego,Spanish
Yahoodi,Jews
Yak,Bosnians
Yakoo,Whites
Yaku,Whites
Yam,Blacks
Yam,Amish
Yan Kwi Ze/Yang Gui Zi,Whites
Yang Guizi,Whites
Yangmo,Asians
Yank,Americans
Yankee,Americans
Yankee Doodle,Americans
Yanni,Greeks
Yao,Asians
Yape,Mixed Races
Yard Ape,Blacks
Yazzie,Native Americans
YBM,Blacks
Yeehaw,Whites
Yellow,Asians
Yellow Cab,Japanese
Yellow Devil,Asians
Yellow Monkey,Asians
Yelvis,Asians
Yen,Blacks
Yenta,Jews
Yerd,Spanish
Yeti,Nepalese
Yick,Jewish/Hispanic
Yid,Jews
Yid/Yid-Lid,Jews
Yiddiot,Jews
Yigger,Asians
Yitze,Jews
Yo Boy/Girl,Whites
Yo Yo,Blacks
Yobo,Koreans
Yogurt,Whites
Yoko,Japanese
Yolk,Asians
Yom,Blacks
Yom,Jews
Yombo,Blacks
Yont'an Saram,Blacks
You People,Blacks
Youn,Vietnamese
YT,Whites
Yugo,Yugoslavs
Yukes,Yugoslavs
Yup-Boon-Jie,Japanese
Yuppie,Whites
Yurug,Turks
Zambo,Mixed Races
Ze Goggles,Blacks
Zeb,Arabs
Zebra,Mixed Races
Zeeb,Whites
Zerote Pisado,Salvadoreans
Zhid,Jews
Zhidan,Jews
Zigaboo,Blacks
Zionist,Jews
Zip,Italians
Zip,Asians
Zip Coon,Blacks
Zipperhead,Asians
Zog,Jews
Zoo Ape,Blacks
Zoot,Blacks
Zorba,Greeks
Zulu,Blacks
Olauge,Turks
Clouf-Booter,French
Squint Nigger,"Asians,"
Autobahn,German
Jingley,Iraqis
Jell-O Eater,Mormons
Albino Peltonen,Finnish
Willy B.,Blacks
TNB,Blacks
Weeaboo,Whites
свиња,Macedonians